{"cameraMode":{"drawMode":0,"name":"Shaded","section":"Shading Mode"},"sceneLighting":false,"audioPlay":false,"sceneViewState":{"showFog":true,"showMaterialUpdate":false,"showSkybox":true,"showFlares":true,"showImageEffects":true,"showParticleSystems":true},"in2DMode":false,"pivot":{"x":250.0,"y":6.116096019744873,"z":5918.10009765625},"rotation":{"x":-0.011487370356917382,"y":-0.9640490412712097,"z":-0.04225422814488411,"w":0.26209181547164919},"size":1166.9007568359375,"orthographic":false}