{"cameraMode":{"drawMode":0,"name":"Shaded","section":"Shading Mode"},"sceneLighting":false,"audioPlay":false,"sceneViewState":{"showFog":true,"showMaterialUpdate":false,"showSkybox":true,"showFlares":true,"showImageEffects":true,"showParticleSystems":true},"in2DMode":false,"pivot":{"x":260.91552734375,"y":7.167211532592773,"z":5954.61083984375},"rotation":{"x":0.06634904444217682,"y":0.9280217885971069,"z":-0.3067109286785126,"w":0.20075300335884095},"size":14.549954414367676,"orthographic":false}