{"cameraMode":{"drawMode":0,"name":"Shaded","section":"Shading Mode"},"sceneLighting":false,"audioPlay":false,"sceneViewState":{"showFog":true,"showMaterialUpdate":false,"showSkybox":true,"showFlares":true,"showImageEffects":true,"showParticleSystems":true},"in2DMode":false,"pivot":{"x":256.4107360839844,"y":8.543221473693848,"z":268.8918762207031},"rotation":{"x":0.007148811127990484,"y":-0.9752776026725769,"z":0.03190111368894577,"w":0.21855174005031587},"size":40.49008560180664,"orthographic":false}