{"cameraMode":{"drawMode":0,"name":"Shaded","section":"Shading Mode"},"sceneLighting":false,"audioPlay":false,"sceneViewState":{"showFog":true,"showMaterialUpdate":false,"showSkybox":true,"showFlares":true,"showImageEffects":true,"showParticleSystems":true},"in2DMode":false,"pivot":{"x":256.37860107421877,"y":9.250687599182129,"z":5947.705078125},"rotation":{"x":-0.01641610637307167,"y":0.9649709463119507,"z":-0.2543264925479889,"w":-0.06228736788034439},"size":26.364152908325197,"orthographic":false}