{"cameraMode":{"drawMode":0,"name":"Shaded","section":"Shading Mode"},"sceneLighting":true,"audioPlay":false,"sceneViewState":{"showFog":true,"showMaterialUpdate":false,"showSkybox":true,"showFlares":true,"showImageEffects":true,"showParticleSystems":true},"in2DMode":false,"pivot":{"x":178.88998413085938,"y":2.5923538208007814,"z":170.48098754882813},"rotation":{"x":0.0312834270298481,"y":-0.9684427976608276,"z":0.16275303065776826,"w":0.1861490160226822},"size":247.8135986328125,"orthographic":false}